,filename,pBlockIODelays,pChildrenKernelMode,pChildrenUserMode,pCmdLine,pCpuTimeKernelMode,pCpuTimeUserMode,pId,pMajorPGFault,pName,pNonvoluntaryContextSwitches,pNumThreads,pPGFault,pResidentSetSize,pVirtualMemoryBytes,pVoluntaryContextSwitches,currentTime
7,2021_08_17__04_18_12_delta.json,0,2,24,/bin/bash /usr/local/bin/entrypoint.sh sleep 10,0,3,1,0,entrypoint.sh,148,1,1410,419,2224128,63,1629173893
1,2021_08_17__04_18_13_delta.json,0,4,49,/bin/bash /usr/local/bin/entrypoint.sh sleep 10,0,3,1,0,entrypoint.sh,151,1,1506,420,2228224,74,1629173894
4,2021_08_17__04_18_14_delta.json,0,6,74,/bin/bash /usr/local/bin/entrypoint.sh sleep 10,0,3,1,0,entrypoint.sh,154,1,1606,421,2232320,85,1629173895
6,2021_08_17__04_18_15_delta.json,0,9,98,/bin/bash /usr/local/bin/entrypoint.sh sleep 10,0,3,1,0,entrypoint.sh,156,1,1708,421,2232320,96,1629173896
3,2021_08_17__04_18_16_delta.json,0,11,123,/bin/bash /usr/local/bin/entrypoint.sh sleep 10,0,3,1,0,entrypoint.sh,159,1,1812,421,2232320,107,1629173897
2,2021_08_17__04_18_17_delta.json,0,14,147,/bin/bash /usr/local/bin/entrypoint.sh sleep 10,0,3,1,0,entrypoint.sh,162,1,1915,421,2232320,118,1629173898
0,2021_08_17__04_18_18_delta.json,0,16,171,/bin/bash /usr/local/bin/entrypoint.sh sleep 10,0,3,1,0,entrypoint.sh,167,1,2016,421,2232320,129,1629173899
8,2021_08_17__04_18_19_delta.json,0,19,196,/bin/bash /usr/local/bin/entrypoint.sh sleep 10,0,3,1,0,entrypoint.sh,169,1,2122,422,2236416,140,1629173900
5,2021_08_17__04_18_20_delta.json,0,21,220,/bin/bash /usr/local/bin/entrypoint.sh sleep 10,0,3,1,0,entrypoint.sh,171,1,2225,422,2236416,151,1629173901
